id,name,description,form_count,sync_date,sync_timestamp
,,,,06/04/2026,06/04/2026 10:06:01
,,,,06/04/2026,06/04/2026 10:06:01
,,,,06/04/2026,06/04/2026 10:06:01
,,,,06/04/2026,06/04/2026 10:06:01
,,,,06/04/2026,06/04/2026 10:06:01
,,,,06/04/2026,06/04/2026 10:06:01
,,,,06/04/2026,06/04/2026 10:06:01
,,,,06/04/2026,06/04/2026 10:06:01
,,,,06/04/2026,06/04/2026 10:06:01
,,,,06/04/2026,06/04/2026 10:06:01
,,,,06/04/2026,06/04/2026 10:06:01
,,,,06/04/2026,06/04/2026 10:06:01
,,,,06/04/2026,06/04/2026 10:06:01
,,,,06/04/2026,06/04/2026 10:06:01
,,,,06/04/2026,06/04/2026 10:06:01
,,,,06/04/2026,06/04/2026 10:06:01
,,,,06/04/2026,06/04/2026 10:06:01
,,,,06/04/2026,06/04/2026 10:06:01
,,,,06/04/2026,06/04/2026 10:06:01
,,,,06/04/2026,06/04/2026 10:06:01
,,,,06/04/2026,06/04/2026 10:06:01
,,,,06/04/2026,06/04/2026 10:06:01
,,,,06/04/2026,06/04/2026 10:06:01
,,,,06/04/2026,06/04/2026 10:06:01
,,,,06/04/2026,06/04/2026 10:06:01
,,,,06/04/2026,06/04/2026 10:06:01
,,,,06/04/2026,06/04/2026 10:06:01
,,,,06/04/2026,06/04/2026 10:06:01
,,,,06/04/2026,06/04/2026 10:06:01
,,,,06/04/2026,06/04/2026 10:06:01
,,,,06/04/2026,06/04/2026 10:06:01
,,,,06/04/2026,06/04/2026 10:06:01
,,,,06/04/2026,06/04/2026 10:06:01
,,,,06/04/2026,06/04/2026 10:06:01
,,,,06/04/2026,06/04/2026 10:06:01
,,,,06/04/2026,06/04/2026 10:06:01
,,,,06/04/2026,06/04/2026 10:06:01