file,last_changed,last_ran
actions.csv,06/06/2026 04:18:19,06/06/2026 04:18:19
coverages.csv,06/06/2026 04:18:19,06/06/2026 04:18:19
credentials.csv,06/06/2026 04:18:19,06/06/2026 04:18:19
criteria.csv,06/06/2026 04:18:19,06/06/2026 04:18:19
custom_fields.csv,06/06/2026 04:18:19,06/06/2026 04:18:19
custom_properties.csv,06/06/2026 04:18:19,06/06/2026 04:18:19
engagement.csv,06/04/2026 10:09:54,06/06/2026 04:18:19
enums.csv,06/04/2026 10:09:54,06/06/2026 04:18:19
field_definitions.csv,06/04/2026 10:09:54,06/06/2026 04:18:19
form_categories.csv,06/04/2026 10:09:54,06/06/2026 04:18:19
insureds.csv,06/06/2026 04:18:19,06/06/2026 04:18:19
summaries.csv,06/05/2026 10:46:03,06/06/2026 04:18:19